Name,AnimalType,AgeuponOutcome,Breed,Color,neutered/spayed,adopted
Hambone,0,1,Shetland Sheepdog Mix,Brown/White,1,0
Emily,0,1,Domestic Shorthair Mix,Cream Tabby,1,0
Pearce,0,2,Pit Bull Mix,Blue/White,1,1
,0,0,Domestic Shorthair Mix,Blue Cream,0,0
,0,2,Lhasa Apso/Miniature Poodle,Tan,1,0
Elsa,0,0,Cairn Terrier/Chihuahua Shorthair,Black/Tan,0,0
Jimmy,0,0,Domestic Shorthair Mix,Blue Tabby,0,0
,0,0,Domestic Shorthair Mix,Brown Tabby,0,0
Lucy,0,1,American Pit Bull Terrier Mix,Red/White,1,1
,0,1,Cairn Terrier,White,1,1
,0,2,Domestic Shorthair Mix,Black,0,0
,0,2,Miniature Schnauzer Mix,Silver,1,1
Rocket,0,2,Pit Bull Mix,Brown,1,1
Scooter,0,2,Yorkshire Terrier Mix,Black/Red,1,0
Preston,0,1,Great Pyrenees Mix,White/Cream,1,0
Oliver,0,1,Domestic Shorthair Mix,Orange Tabby/White,1,1
,0,0,Domestic Shorthair Mix,Brown Tabby,0,0
,0,0,Pit Bull Mix,Brown/White,0,0
Chrissy,0,2,Angora Mix,White,0,0
Kuma,0,1,Flat Coat Retriever Mix,Black,1,0
Anders,0,0,Queensland Heeler Mix,Black/White,0,0
Munchkin,0,1,Domestic Shorthair Mix,White,1,0
Jamaica,0,2,Plott Hound/Boxer,Brown Brindle/White,1,1
Quattro,0,1,German Shepherd Mix,Brown/White,1,1
Trigger,0,0,German Shepherd Mix,Black/Brown,1,0
Olive,0,0,Domestic Shorthair Mix,Orange Tabby,0,0
Nia,0,1,American Staffordshire Terrier Mix,Chocolate/White,1,1
Chloe,0,2,Chihuahua Shorthair Mix,White/Tan,1,1
Cymbale,0,0,Domestic Shorthair Mix,Cream Tabby/White,1,1
Jax,0,3,Russian Blue Mix,Blue,1,0
,0,2,Domestic Shorthair Mix,Calico,1,0
Murphy,0,1,Labrador Retriever Mix,Black/White,0,0
,0,0,Domestic Shorthair Mix,Torbie,1,1
Jesse,0,2,Collie Smooth/German Shepherd,Brown/Black,1,0
Delgado,0,2,Chihuahua Shorthair Mix,Brown,1,0
,0,2,Labrador Retriever Mix,Yellow,0,0
Pony Boy,0,2,Pit Bull Mix,Brown/White,1,0
,0,0,Domestic Shorthair Mix,Blue/White,0,0
Mica,0,1,Domestic Shorthair Mix,Black/White,1,0
,0,0,Domestic Shorthair Mix,Brown Tabby,0,0
Pilar,0,3,Domestic Shorthair Mix,Blue Tabby,1,1
,0,0,Domestic Shorthair Mix,Orange Tabby,0,0
Lucy,0,0,Domestic Shorthair Mix,Brown Tabby,0,0
,0,2,Domestic Longhair Mix,Black/White,0,0
Ali,0,2,Domestic Shorthair Mix,Black/White,1,1
Chester,0,3,Beagle,Tricolor,1,0
Daisy,0,3,Domestic Shorthair Mix,White/Black,1,0
,0,0,Domestic Shorthair Mix,Black,0,0
Edith,0,1,German Shepherd Mix,Black/Brown,1,1
,0,3,Pit Bull/Labrador Retriever,Chocolate/White,0,0
,0,1,Domestic Shorthair Mix,Tortie,0,0
Caty,0,1,Domestic Shorthair Mix,Brown Tabby,1,1
,0,0,Domestic Shorthair Mix,Blue Tabby/White,0,0
Gabe,0,2,Blue Lacy Mix,Gray/White,1,1
Beth,0,0,Domestic Shorthair Mix,Orange Tabby/White,1,1
,0,0,Domestic Shorthair Mix,Black,0,0
Bashful,0,0,Domestic Shorthair Mix,Calico,1,1
,0,1,Chihuahua Shorthair Mix,Tan,0,0
Lola,0,2,Black Mouth Cur Mix,Tan/Black,1,0
Sugar,0,2,Dachshund/Beagle,Brown/White,1,1
Orangejello,0,1,Domestic Shorthair Mix,Orange Tabby/White,0,0
Prec Punkin',0,3,Yorkshire Terrier Mix,Brown/Black,1,0
Wilma,0,0,Domestic Shorthair Mix,Black,0,0
Bella,0,2,Dachshund Mix,Tan/White,1,1
,0,0,Domestic Shorthair Mix,Black,0,0
Chiquita,0,3,Maltese Mix,White,1,0
Hero,0,1,Pointer Mix,Black/White,1,0
Molly,0,0,English Foxhound,Buff,0,0
,0,0,Domestic Shorthair Mix,Brown Tabby/White,0,0
Bella,0,1,Chihuahua Shorthair Mix,Red,1,1
Chili,0,0,Vizsla Mix,Brown,1,1
Hastings,0,2,Pit Bull Mix,Brown Brindle/White,1,0
,0,2,German Shepherd/Great Pyrenees,White,1,1
Tootsie,0,1,Domestic Shorthair Mix,Black,0,0
Snookie,0,2,Yorkshire Terrier Mix,Blue/Tan,1,0
Abby,0,2,Cardigan Welsh Corgi/Chihuahua Shorthair,Tan,1,0
Nym,0,1,Domestic Longhair,Brown Tabby,1,1
,0,1,Domestic Shorthair Mix,Calico,0,0
Zeus,0,0,Chow Chow/Pit Bull,Black,1,1
,0,2,Domestic Shorthair Mix,Black/White,1,0
Charlie,0,1,Chihuahua Shorthair,White,1,1
,0,0,Domestic Shorthair Mix,Blue Tabby,0,0
Taco,0,0,Siamese Mix,Seal Point,0,0
,0,2,Domestic Shorthair Mix,Blue Tabby,0,0
Avaddon,0,3,Pit Bull Mix,Brown Brindle,1,0
,0,1,Dachshund/Beagle,Brown/White,1,1
Arthur,0,0,Domestic Shorthair Mix,Black,1,1
,0,0,Domestic Shorthair Mix,Black,0,0
,0,1,Labrador Retriever Mix,Black/White,0,0
,0,1,Domestic Medium Hair Mix,Calico,1,1
Freeway,0,1,Plott Hound Mix,Brown Brindle/White,1,1
Chloe,0,2,Boxer/Great Dane,Black,1,1
Georgia,0,3,Lhasa Apso,White/Black,1,0
Hero,0,2,German Shepherd Mix,Black/Tan,1,0
Thelma,0,1,Domestic Shorthair Mix,Black,1,1
Darcy,0,3,Beagle/Treeing Walker Coonhound,White/Brown,1,1
Taz,0,1,Border Collie Mix,Black/White,1,0
,0,0,Domestic Shorthair Mix,Black/White,1,1
,0,2,Domestic Shorthair Mix,Black/White,0,0
,0,2,Border Terrier Mix,Gray,1,1
Poppy,0,2,Chihuahua Shorthair Mix,Tan/White,1,1
Dexter,0,2,Boxer Mix,Brown Brindle/White,1,0
,0,0,Domestic Medium Hair Mix,Blue,0,0
,0,0,Domestic Shorthair Mix,Black,0,0
Matty,0,2,Domestic Shorthair Mix,Torbie,1,0
Chubbs,0,2,Cairn Terrier Mix,Tan/White,1,0
Lilly,0,0,Domestic Shorthair Mix,Brown Tabby,1,1
Minnie,0,2,Chihuahua Shorthair Mix,Black/Tan,1,0
Santiago,0,2,Dogo Argentino Mix,White,1,1
Franklin,0,3,Dachshund Mix,Black/Brown,1,0
Myles,0,2,Beagle Mix,Tricolor,1,0
Wiz,0,1,Chihuahua Shorthair/Dachshund,Yellow Brindle/White,1,0
Abby,0,2,Pit Bull Mix,Fawn/White,1,1
,0,0,Domestic Shorthair Mix,Brown Tabby,0,0
Boss,0,1,Pit Bull Mix,White/Brown,0,0
,0,3,Domestic Shorthair Mix,Orange Tabby,0,0
Missy,0,1,Chihuahua Shorthair Mix,Tan,1,1
Basil,0,1,Chihuahua Shorthair Mix,Black/White,0,0
Katydid,0,0,Domestic Longhair Mix,Calico,0,0
Kiki,0,2,Chihuahua Shorthair Mix,Brown,1,0
Desmo,0,2,Dachshund Mix,Black,1,0
Pablo,0,3,Miniature Schnauzer/Miniature Poodle,Black,1,1
,0,0,Labrador Retriever Mix,Black/White,1,1
,0,3,Domestic Shorthair Mix,Tortie,0,0
Pandora,0,0,Domestic Shorthair Mix,Black,0,1
Jackson,0,2,Pit Bull,Black,1,1
Watson,0,1,Pit Bull Mix,White/Brown,1,1
,0,1,Domestic Shorthair Mix,Brown Tabby,0,0
Levon,0,2,Chihuahua Shorthair Mix,Brown/White,1,0
Snickerdoodl,0,3,Labrador Retriever Mix,Chocolate/White,1,0
Lola,0,2,Pit Bull Mix,Red/White,1,1
Jumbly,0,2,Domestic Shorthair Mix,Calico,1,0
Pearl,0,1,Chihuahua Shorthair/Jack Russell Terrier,Black/White,1,1
Pebbles,0,2,Chihuahua Shorthair Mix,Black/Tan,1,0
Minnie,0,1,Pit Bull,Brown Brindle,1,0
Merlin,0,2,Siamese Mix,Flame Point,1,0
Parsley,0,2,Tibetan Terrier Mix,Brown,1,0
,0,2,Domestic Shorthair Mix,Blue/White,0,0
,0,1,Domestic Shorthair Mix,Tortie,0,0
Abby,0,0,Miniature Pinscher/Chihuahua Shorthair,Tricolor,1,1
,0,0,Domestic Shorthair Mix,Orange Tabby/White,1,1
,0,1,Domestic Medium Hair Mix,Cream Tabby,1,1
Ricky,0,2,Domestic Medium Hair Mix,Brown Tabby/White,1,0
Tom,0,0,Domestic Medium Hair Mix,Calico,1,1
Amarillo,0,1,Labrador Retriever Mix,Yellow,1,1
Nala,0,0,Domestic Shorthair Mix,Brown Tabby,1,1
,0,1,Dachshund Mix,Tan,1,1
Winnie,0,1,Dachshund Mix,Brown/White,0,0
Luna,0,1,Domestic Shorthair Mix,Black/White,1,1
,0,0,Domestic Shorthair Mix,Calico,0,0
Tokyo,0,2,Domestic Shorthair Mix,Brown Tabby,1,1
Diamond,0,1,Blue Lacy Mix,Blue/White,1,1
,0,1,Rat Terrier Mix,Tricolor,1,0
Minnie,0,2,Dachshund Longhair,Brown,1,0
Neville,0,2,Pit Bull Mix,Red,1,0
Conrad,0,2,Pit Bull Mix,Brown/White,1,1
Shiva,0,1,Domestic Longhair,Calico,1,1
,0,1,Dachshund/Chihuahua Shorthair,Red,0,0
,0,1,Domestic Shorthair Mix,Torbie,0,0
Jupiter,0,0,Domestic Shorthair Mix,Black Tabby/White,1,1
Nero,0,3,Chihuahua Shorthair Mix,Brown/White,1,0
Oscar,0,2,Domestic Shorthair Mix,Black/White,1,1
,0,0,Domestic Shorthair Mix,Tortie/Calico,0,0
Dasher,0,1,Border Collie Mix,Black/White,1,1
Libby,0,1,Labrador Retriever Mix,Black/White,0,1
Gracie,0,3,Maltese,White,1,0
,0,0,Domestic Shorthair Mix,Black,1,1
Sugar,0,0,Domestic Shorthair Mix,Blue Tabby/White,1,1
,0,1,Labrador Retriever Mix,White,1,0
Jethro,0,0,Domestic Shorthair Mix,Brown Tabby,0,0
,0,1,Domestic Shorthair Mix,Blue Tabby,0,0
Keyla,0,1,Chihuahua Shorthair Mix,White/Tan,1,1
Samson,0,2,Labrador Retriever/Rottweiler,Black/Brown,1,1
August,0,3,Domestic Shorthair Mix,Tortie,1,0
,0,0,Dachshund/Manchester Terrier,Tricolor,1,1
Herb,0,0,Domestic Shorthair Mix,White/Black,1,0
Stripey,0,0,Domestic Shorthair Mix,Brown Tabby,0,1
Sallie,0,0,Plott Hound/Labrador Retriever,Black/Brown Brindle,1,1
Klo Dog,0,3,Chihuahua Shorthair/Rat Terrier,White/Tan,1,0
,0,0,Domestic Shorthair Mix,Cream Tabby/White,0,0
Milo,0,2,Siberian Husky,White/Gray,1,0
Scarlet,0,2,Australian Cattle Dog Mix,Tan/White,1,0
Pebbles,0,1,Pointer Mix,White/Black,1,0
Cairo,0,2,Pit Bull Mix,Brown Brindle/White,1,0
,0,0,Domestic Medium Hair Mix,Brown Tabby,0,0
Calypso,0,1,Domestic Shorthair Mix,Black/White,0,0
Luna,0,2,Yorkshire Terrier/Miniature Poodle,Tan/Silver,1,1
,0,1,Domestic Shorthair Mix,Orange Tabby,0,0
Diva,0,2,German Shepherd Mix,White,1,0
Olivia,0,1,Domestic Shorthair Mix,Brown Tabby/White,1,1
Ashley,0,3,Catahoula/Labrador Retriever,White/Tan,1,0
,0,1,Miniature Poodle Mix,Black/White,1,1
Jaqueline,0,2,Jack Russell Terrier/Pit Bull,Red,1,1
Tabitha,0,1,Domestic Shorthair Mix,Torbie,1,1
Roxie,0,1,Queensland Heeler/Shetland Sheepdog,Red Tick/Black,1,1
,0,1,Domestic Shorthair Mix,White/Cream Tabby,1,0
Harper,0,1,Catahoula Mix,Blue Merle,1,1
Hanley,0,1,Labrador Retriever Mix,Black/White,1,1
Boomer,0,1,Labrador Retriever Mix,Yellow,1,1
Brownie,0,3,Chihuahua Shorthair Mix,Chocolate/Tan,0,0
,0,1,Domestic Longhair Mix,Black,0,0
Swisha,0,2,American Pit Bull Terrier Mix,Tan/White,1,0
,0,2,Dachshund Longhair Mix,Tan/White,1,1
,0,3,Domestic Longhair Mix,Orange Tabby/White,1,0
Dutchess,0,2,German Shepherd Mix,Sable,1,1
Buddy,0,3,Labrador Retriever Mix,Black/White,1,1
Meowser,0,1,Domestic Shorthair Mix,Black,1,1
Cassie,0,1,Doberman Pinsch Mix,Tricolor,1,0
Teddy,0,1,Domestic Shorthair Mix,Black,1,0
Isis,0,3,Domestic Shorthair Mix,Black,0,0
,0,0,Pointer Mix,Chocolate/White,0,0
Dali,0,1,Dachshund/Jack Russell Terrier,White/Brown,1,1
,0,2,Miniature Poodle/Miniature Schnauzer,Black/White,1,1
Bella,0,2,Whippet Mix,Brown Brindle/White,1,1
Dino,0,2,Australian Shepherd Mix,Brown Merle/White,0,0
,0,2,Labrador Retriever Mix,Tan/White,1,1
,0,0,Domestic Shorthair Mix,Calico,0,0
Emma,0,1,Pit Bull Mix,Brown Tiger/White,1,0
,0,2,Domestic Shorthair Mix,Brown Tabby/White,0,0
Jackson,0,0,Domestic Shorthair Mix,Brown Tabby,0,0
Marco,0,2,Chihuahua Shorthair Mix,White/Brown,1,0
,0,0,Domestic Shorthair Mix,Brown Tabby,0,0
Byron,0,0,Domestic Shorthair Mix,Black,0,1
Oreo,0,1,Rat Terrier Mix,White/Black,1,0
Pia,0,0,English Pointer Mix,Brown/White,1,1
Bleu,0,1,Miniature Schnauzer/Yorkshire Terrier,Black/White,1,1
,0,2,Cairn Terrier Mix,Buff,1,1
Midnight,0,3,Labrador Retriever/Pit Bull,Black,1,0
Julia,0,2,Domestic Shorthair Mix,White/Black,1,0
,0,2,Great Dane,Black/White,1,0
Rello,0,2,Chihuahua Shorthair Mix,Black/White,0,0
Bode,0,2,Chesa Bay Retr,Brown,1,0
Jake,0,3,German Shepherd,Brown/Black,1,0
,0,1,Domestic Shorthair Mix,Brown Tabby/White,0,0
Rebecca,0,3,Domestic Shorthair Mix,Black/White,1,1
Buddy,0,0,Domestic Shorthair Mix,Orange Tabby/White,1,1
Anita,0,1,Chihuahua Shorthair Mix,Tan/Black,1,0
,0,0,Domestic Shorthair Mix,Orange Tabby/White,1,1
Daisy,0,3,Plott Hound Mix,Brown Brindle,1,0
,0,0,Domestic Shorthair Mix,Brown Tabby/White,0,0
Kiki,0,2,Chihuahua Shorthair Mix,Brown/Black,1,1
Jerrid,0,3,Siamese Mix,Flame Point,1,1
Vidalia,0,1,Domestic Shorthair Mix,Brown Tabby/White,1,1
Simba,0,2,Chow Chow Mix,Red,1,1
,0,2,Domestic Shorthair Mix,Black,0,0
,0,3,English Pointer,Liver/White,1,1
,0,0,Domestic Shorthair Mix,White/Blue Tabby,0,0
June,0,2,Pit Bull Mix,Brown/White,1,0
Earlene,0,1,Boxer Mix,Black/White,0,0
Vader,0,2,Basset Hound/Labrador Retriever,Black/White,1,0
Brownie,0,2,Labrador Retriever Mix,Buff,1,0
Little Missy,0,3,Airedale Terrier Mix,Tricolor,1,0
Buddy,0,1,Labrador Retriever/Chow Chow,Brown,1,1
,0,0,Domestic Shorthair Mix,Orange Tabby/White,1,0
Kodiak,0,0,Beagle/German Shepherd,Black/Brown,1,1
Bosco,0,0,Manx Mix,White/Black,1,1
,0,2,Domestic Shorthair Mix,Blue,0,0
Daisy,0,2,Chihuahua Shorthair/Rat Terrier,Tan/White,1,0
Priscilla,0,1,Pit Bull Mix,Black/White,1,1
Stella,0,2,Flat Coat Retriever Mix,Black/White,1,1
Dharma,0,3,Cocker Spaniel,Buff,1,0
Taco,0,0,Domestic Shorthair Mix,Brown Tabby,1,1
Pebbles,0,3,Chihuahua Shorthair Mix,Tan,1,1
Arwen,0,2,Domestic Longhair Mix,Brown Tabby/White,1,1
Rainey,0,3,Rat Terrier Mix,White/Black,1,0
,0,1,Border Terrier/Chihuahua Shorthair,Tan/Black,1,1
Tank,0,2,Pit Bull Mix,Brown Brindle/White,1,0
Kiki,0,3,Chihuahua Shorthair Mix,Black/Gray,1,0
,0,0,Domestic Shorthair Mix,Brown Tabby,0,0
,0,3,Pit Bull Mix,Tan/White,1,0
Kato,0,1,Chihuahua Longhair Mix,Black,1,1
Jasper,0,1,Jack Russell Terrier/Dachshund,White/Brown,1,1
,0,0,Domestic Shorthair Mix,Orange Tabby,0,0
,0,1,Domestic Shorthair Mix,Orange Tabby,0,0
Roger,0,2,German Shepherd,Black/Brown,1,0
Roxi,0,2,Rottweiler Mix,Black/Tan,1,0
Hedwig,0,1,Siberian Husky Mix,White/Cream,1,1
,0,1,Domestic Shorthair Mix,Black,0,0
Apollo,0,1,Cardigan Welsh Corgi/Cardigan Welsh Corgi,Fawn/White,1,1
,0,0,Domestic Shorthair Mix,Black/White,0,0
,0,0,Domestic Shorthair Mix,Blue,0,0
,0,2,Domestic Shorthair Mix,Calico,1,0
,0,1,Chihuahua Shorthair Mix,Chocolate/White,1,1
,0,1,Cairn Terrier Mix,Cream,0,0
Ruth,0,0,Domestic Shorthair Mix,Orange Tabby,1,1
Pumpkin,0,1,Domestic Shorthair,Black/White,1,0
Coco,0,3,Chihuahua Shorthair Mix,Chocolate/White,0,0
Sam,0,3,Labrador Retriever Mix,Chocolate,1,0
Newton,0,2,Shih Tzu,Gray/White,1,1
Lizzie,0,1,Plott Hound Mix,Brown Brindle,1,0
Orion,0,1,Australian Shepherd Mix,Tan/White,1,1
Chewy,0,2,Chihuahua Shorthair Mix,Tan/White,1,1
Hailey,0,0,Domestic Longhair Mix,Black/White,0,0
Jimmy,0,1,Labrador Retriever/Border Collie,Black/White,1,1
,0,0,Siamese Mix,Blue Point,0,0
Machete,0,2,Chihuahua Shorthair Mix,White/Brown,1,0
Cheddar,0,3,Domestic Medium Hair Mix,Orange Tabby,1,1
Amelia,0,1,Domestic Shorthair Mix,Calico,1,1
Jelly Bean,0,0,Australian Cattle Dog Mix,Brown/White,1,1
,0,1,Domestic Shorthair Mix,Tortie,1,1
,0,2,Labrador Retriever/Great Dane,Tan/Black,0,0
Rascal,0,3,Dachshund Mix,Brown,1,0
Layla,0,1,Boxer Mix,Brown Brindle/White,1,0
,0,1,Labrador Retriever Mix,Tan/White,1,0
,0,2,Shih Tzu/Miniature Poodle,Apricot/White,1,0
Mundy,0,0,Domestic Medium Hair Mix,Blue/White,1,1
,0,2,Pit Bull Mix,Red,1,0
,0,0,Australian Cattle Dog Mix,Red Merle/Black,1,1
Barnaby,0,1,Domestic Shorthair Mix,Black,1,1
Noah,0,3,Domestic Shorthair Mix,Black/White,1,1
Jesse,0,2,Domestic Shorthair Mix,Brown Tabby,1,0
Leo,0,2,Chihuahua Shorthair Mix,Brown/White,1,1
,0,0,Australian Cattle Dog Mix,White/Brown,0,0
,0,0,Domestic Shorthair Mix,Tortie,0,0
Madison,0,0,Domestic Shorthair Mix,Brown Tabby,1,1
Sheldon,0,2,German Shepherd Mix,Brown,1,1
Chris,0,2,Domestic Shorthair Mix,Brown Tabby/White,1,0
Jillian,0,2,Pointer Mix,Chocolate/White,1,1
,0,1,Domestic Medium Hair Mix,Calico,0,0
,0,2,Miniature Poodle Mix,Black/Gray,1,0
Lizzie,0,3,Collie Smooth/Chow Chow,Sable,1,0
,0,1,Domestic Shorthair Mix,Black/White,0,0
Socks,0,0,Domestic Shorthair Mix,Calico,0,0
Captain,0,1,Cocker Spaniel Mix,Sable,1,1
Pablito,0,3,Chihuahua Shorthair Mix,Tricolor,1,0
,0,1,Labrador Retriever Mix,Buff,1,1
,0,1,Siamese Mix,Seal Point,0,0
Kimchi,0,1,Rottweiler/Labrador Retriever,Black/Tan,1,1
Bella,0,1,Chihuahua Shorthair Mix,Brown/Black,1,1
Ares,0,0,Boxer Mix,Tricolor,1,1
,0,0,Domestic Shorthair Mix,Blue Tabby,0,0
,0,2,Chihuahua Shorthair Mix,Tan,1,1
,0,0,Domestic Shorthair Mix,Orange Tabby/White,1,1
Sammy,0,1,Domestic Shorthair Mix,White/Brown Tabby,1,0
,0,2,Rat Terrier Mix,Black/White,1,0
Challino,0,1,German Shepherd/Siberian Husky,Red/White,1,1
,0,0,Domestic Shorthair Mix,White,0,0
Romeo,0,3,Dachshund,Blue Merle/White,0,0
Dumpling,0,0,Border Collie/Labrador Retriever,Black/White,1,1
,0,1,Domestic Shorthair Mix,Blue Tabby,0,0
Carl,0,0,Domestic Shorthair Mix,Black/White,0,0
,0,1,Domestic Shorthair Mix,Black,0,0
Belle,0,0,Domestic Shorthair Mix,Torbie,0,1
Lil' Mama,0,2,Pit Bull Mix,Fawn,0,0
,0,1,Collie Smooth/Labrador Retriever,Tricolor,1,1
,0,1,Domestic Shorthair Mix,Brown Tabby,0,0
,0,1,Siamese Mix,Lynx Point/White,1,1
,0,0,Domestic Shorthair Mix,Black/White,0,0
Celeste,0,1,Domestic Shorthair Mix,Orange Tabby/White,1,1
Jack,0,2,Plott Hound/Rhod Ridgeback,Brown Brindle,1,1
Buffy,0,2,Pit Bull Mix,Fawn/White,1,0
,0,0,Domestic Shorthair Mix,Brown Tabby,0,0
Bizzy,0,0,Domestic Shorthair Mix,Black,1,1
,0,1,Chihuahua Shorthair Mix,Tan/White,1,1
,0,2,Pointer/Labrador Retriever,Black/White,1,0
Molina,0,1,Anatol Shepherd/Great Pyrenees,White,1,1
,0,0,Domestic Shorthair Mix,Blue,0,0
Simon,0,1,Anatol Shepherd,Fawn/Black,1,0
Sparkles,0,1,Domestic Shorthair Mix,Brown Tabby/White,1,1
Laurel,0,2,Pit Bull Mix,Brown/White,1,1
Mya,0,3,Great Dane,Black/White,1,0
Firefly,0,0,Domestic Shorthair Mix,Brown Tabby,1,1
Sebastian,0,3,Domestic Shorthair Mix,Black/White,1,0
Aimee,0,2,Australian Cattle Dog Mix,Tricolor,0,0
Lily,0,1,Domestic Shorthair Mix,Black/White,1,0
Lola,0,2,Chinese Sharpei/Australian Cattle Dog,Red Tick/White,1,1
Sadie,0,3,Labrador Retriever Mix,Yellow,0,0
Pi,0,1,Flat Coat Retriever Mix,Black,1,1
,0,2,Labrador Retriever Mix,Yellow,1,0
Qwayzar,0,0,Domestic Shorthair Mix,Calico,1,1
,0,0,Labrador Retriever Mix,White,0,0
Clover,0,1,Rat Terrier Mix,Tricolor,1,0
Friskie,0,0,Domestic Longhair Mix,Black/White,1,1
Spartacus,0,2,Akita/Pit Bull,Tan/White,1,0
Leroy,0,3,American Bulldog Mix,White,1,0
Severus,0,1,Labrador Retriever Mix,Blue,1,0
Lennon,0,3,Domestic Shorthair Mix,Orange Tabby,1,1
Jezebel,0,2,Chihuahua Shorthair Mix,Tan,1,0
Lucy,0,2,Pointer/Labrador Retriever,Chocolate/White,1,1
Cody,0,2,Chihuahua Shorthair Mix,Tan/White,1,1
Nelson,0,1,Siamese Mix,Flame Point,1,1
,0,1,Domestic Shorthair Mix,Black/White,1,1
Nico,0,1,Labrador Retriever,Buff/Tan,0,0
Watson,0,1,Domestic Medium Hair Mix,Black,1,0
Daisy,0,2,Chihuahua Shorthair/Rat Terrier,White/Tan,1,0
Oso,0,2,Rottweiler Mix,Black/Tan,0,0
,0,0,Domestic Shorthair,Blue,0,0
,0,0,Domestic Shorthair Mix,Black/White,0,0
,0,0,Domestic Shorthair Mix,Tortie,0,0
Lizzy,0,2,Labrador Retriever,Black,1,0
Bobby,0,1,Boxer Mix,Brown/White,1,1
,0,0,Domestic Shorthair Mix,Blue Tabby,0,0
,0,2,Jack Russell Terrier Mix,White/Tan,1,1
Blaze,0,1,Pit Bull/Dogue De Bordeaux,Red/White,0,0
Roman,0,2,Labrador Retriever/Chow Chow,Brown,1,1
Rasberry,0,0,Domestic Shorthair Mix,Tortie,0,0
Tucker,0,2,Bernese Mountain Dog/Rottweiler,Tricolor,1,1
,0,2,Domestic Shorthair Mix,Brown Tabby,1,0
,0,1,Plott Hound Mix,Brown Brindle/Red Tick,1,0
Houston,0,2,English Bulldog,Brown Brindle,0,0
Captain,0,1,Pit Bull Mix,Brown/White,1,0
Kerby,0,0,Domestic Medium Hair Mix,Brown Tabby/White,0,0
Tulip,0,1,Chihuahua Shorthair Mix,White/Brown,1,1
,0,0,Labrador Retriever Mix,Black/Tan,1,0
Tiny Tinker,0,3,Chihuahua Shorthair,Brown,1,0
Nigel,0,2,Pit Bull Mix,Brown,1,1
Sadie,0,1,Pointer Mix,White/Blue,1,1
,0,1,Chihuahua Longhair/Italian Greyhound,Tricolor,1,1
Pippin,0,0,Labrador Retriever/Blue Lacy,Chocolate/White,1,1
Calliope,0,1,Yorkshire Terrier Mix,Black/Tan,0,0
Petra,0,2,Pit Bull Mix,Blue/White,1,1
Judy,0,2,Labrador Retriever Mix,Black/White,1,0
Cloud,0,0,Siamese Mix,Lilac Point,0,1
Grace,0,2,American Staffordshire Terrier Mix,Blue/White,1,0
Kief,0,2,Dachshund/Catahoula,Brown Brindle/White,1,0
,0,0,Dachshund Wirehair Mix,Brown/Black,1,1
Callie,0,3,Domestic Longhair Mix,Tortie,1,0
,0,2,Domestic Shorthair Mix,Blue,1,0
Asha,0,1,Labrador Retriever Mix,Black,0,0
Eleonora,0,3,Domestic Shorthair Mix,Brown Tabby/White,0,0
Oliver,0,0,Domestic Medium Hair Mix,Orange Tabby,1,1
Shaka,0,1,Chihuahua Shorthair Mix,Buff/White,1,1
Riku,0,1,Blue Lacy/Pit Bull,Blue/White,1,0
,0,2,Domestic Shorthair Mix,Tortie,0,0
Dennis,0,0,Domestic Shorthair Mix,Blue Tabby,1,1
Nala,0,1,Siamese Mix,Lilac Point,1,1
,0,3,Miniature Poodle Mix,White,1,1
Pequina,0,2,Dachshund Mix,Brown,1,1
Jax,0,1,Boxer Mix,Brown Brindle/White,0,0
Tibbers,0,0,Domestic Shorthair Mix,Brown Tabby,1,1
Ranger,0,1,Domestic Shorthair Mix,White/Orange Tabby,1,1
Nala,0,2,Exotic Shorthair Mix,White/Orange Tabby,1,0
Marcia,0,1,Domestic Shorthair Mix,Black/White,1,1
,0,0,Domestic Shorthair Mix,Torbie,0,0
,0,1,Domestic Shorthair Mix,Brown Tabby,1,1
Bella,0,1,Siamese Mix,Tortie Point,1,1
Sammy,0,0,Domestic Shorthair Mix,Orange Tabby/White,1,0
Emma,0,0,Domestic Shorthair Mix,Brown Tabby/White,0,0
July,0,1,Pit Bull Mix,Black/White,1,0
,0,0,Australian Cattle Dog Mix,Brown/Black,0,0
,0,2,Chihuahua Shorthair Mix,Black/Tan,1,0
Mason,0,2,Labrador Retriever/Chinese Sharpei,Black,1,1
Trousers,0,3,Basset Hound,Tricolor,0,0
Cassius,0,1,Pit Bull Mix,White/Blue,0,1
,0,1,Domestic Shorthair Mix,Brown Tabby/White,1,1
Popcorn,0,2,Cocker Spaniel Mix,Yellow,1,0
,0,0,Chihuahua Shorthair Mix,Tricolor,0,0
Ellie,0,0,Domestic Shorthair Mix,Torbie,1,0
,0,0,Australian Cattle Dog Mix,Buff/White,0,0
Bino,0,1,Dachshund/Chihuahua Shorthair,Black,0,0
Marley,0,2,Cocker Spaniel Mix,Black,1,0
Lucy,0,3,Blue Lacy/Collie Smooth,Tricolor,1,0
,0,0,Domestic Longhair Mix,Blue,1,1
Zeus,0,2,Pit Bull Mix,Black/White,1,0
,0,0,Domestic Shorthair Mix,Torbie,0,1
Haelo,0,3,Miniature Poodle Mix,Buff,1,1
Mary,0,0,Labrador Retriever Mix,Chocolate/White,0,0
Dorchester,0,2,Pit Bull Mix,White/Brown,1,0
,0,0,Domestic Shorthair Mix,Orange Tabby/White,0,0
,0,1,Domestic Shorthair Mix,Black/White,0,0
Leia,0,2,Black/Tan Hound Mix,Black/Tan,1,0
Morris,0,0,Domestic Shorthair Mix,Black,1,1
Arthur,0,0,Domestic Shorthair Mix,Orange Tabby,1,1
,0,3,Siamese Mix,Lynx Point,1,0
,0,0,Labrador Retriever Mix,White,0,0
Squirt,0,3,Chihuahua Shorthair Mix,White,1,0
Scarlet,0,1,Pit Bull Mix,Chocolate/White,1,0
Maui,0,3,Norfolk Terrier/Border Terrier,Cream,1,0
,0,0,Domestic Shorthair Mix,Blue Tabby/White,0,0
Tyrone,0,2,Border Collie Mix,Black/White,1,0
Sam,0,2,German Shepherd Mix,Black/Tan,1,0
Chubs,0,2,Chihuahua Shorthair Mix,Black,1,1
Chico,0,2,Chihuahua Shorthair Mix,Brown,1,0
,0,0,Domestic Shorthair Mix,Black,0,0
,0,0,Domestic Shorthair Mix,White/Brown Tabby,0,0
,0,1,Jack Russell Terrier Mix,Tricolor,1,1
Leia,0,3,Domestic Shorthair Mix,Brown Tabby,1,0
Duke,0,3,Pit Bull Mix,Red/White,1,0
Apollo,0,2,Siberian Husky,Black/White,0,0
Lucy,0,2,Scottish Terrier/Cairn Terrier,Black,1,0
,0,2,Domestic Medium Hair Mix,Blue Tabby,1,0
Hilde,0,1,Labrador Retriever Mix,Red,1,0
Hazel,0,1,Domestic Shorthair Mix,Calico,1,1
,0,1,Domestic Shorthair Mix,Black,0,0
Tucker,0,1,Domestic Longhair Mix,Brown Tabby,0,1
Nugget,0,1,Chihuahua Shorthair Mix,Tan,1,1
Tori,0,1,Domestic Medium Hair Mix,Tortie/White,1,1
,0,1,Domestic Shorthair Mix,Cream Tabby,0,0
Brisket,0,1,Pit Bull Mix,Tan/White,1,0
Sleepy,0,0,Domestic Shorthair Mix,Black,1,1
Shadow,0,1,Labrador Retriever Mix,Black,1,1
,0,1,Domestic Shorthair Mix,Calico,0,0
Chico,0,2,Chihuahua Longhair Mix,Cream,1,0
,0,0,Chihuahua Shorthair Mix,White,0,0
Lyla,0,2,Labrador Retriever Mix,Yellow,1,0
Annie,0,2,Pit Bull Mix,Black/White,1,1
Mew,0,0,Border Collie Mix,Tricolor,1,1
Sven,0,1,Pit Bull Mix,White/Brown,0,0
Molly,0,3,Yorkshire Terrier Mix,Black/Tricolor,0,0
Cujo,0,2,American Bulldog Mix,Tan,1,0
,0,0,Domestic Shorthair Mix,Brown Tabby,0,0
Kane,0,3,Boxer,Brown/White,1,0
Sparkles,0,1,Miniature Poodle,Apricot,1,0
Cameron,0,1,Domestic Shorthair Mix,Orange Tabby,0,1
Riley,0,2,Domestic Shorthair Mix,Black/White,1,0
Ellie,0,2,Jack Russell Terrier Mix,White/Brown,0,0
Dusty,0,0,Chihuahua Shorthair Mix,Brown/Black,1,1
,0,0,Domestic Shorthair Mix,Brown Tabby,0,0
,0,0,Domestic Shorthair Mix,Brown Tabby,0,0
,0,0,Domestic Shorthair Mix,Brown Tabby,0,0
Riley,0,1,German Shepherd Mix,Tan/Black,1,0
,0,0,Domestic Shorthair Mix,Calico,0,0
Sylvia,0,3,Russian Blue Mix,Blue,1,0
Sunny,0,0,Domestic Shorthair Mix,Tortie/White,0,0
Axel,0,3,Doberman Pinsch,Black/Tan,1,0
Curly,0,1,Devon Rex Mix,Cream,1,0
Z,0,2,Treeing Walker Coonhound Mix,Tricolor,1,0
Ollie,0,2,Australian Cattle Dog/Labrador Retriever,Black,0,0
Kitty,0,3,Australian Cattle Dog Mix,Sable,1,0
Chloe,0,2,Yorkshire Terrier/Maltese,White/Gray,1,1
Jake,0,1,Rhod Ridgeback/Labrador Retriever,Red/Tan,1,1
Tom,0,1,Domestic Shorthair Mix,Orange Tabby/White,1,1
,0,3,Australian Cattle Dog/Chinese Sharpei,Tan/Brown,0,0
Lucas,0,1,Labrador Retriever/Plott Hound,Brown Brindle,1,1
Alice,0,1,Domestic Shorthair Mix,Orange Tabby,1,1
,0,2,Domestic Shorthair Mix,Orange Tabby,0,0
Layla,0,2,Chihuahua Shorthair Mix,White/Tan,1,0
,0,0,Pit Bull Mix,Brown/White,0,0
Peanut,0,0,Domestic Shorthair Mix,Cream Tabby,1,1
Hiddles,0,3,Domestic Medium Hair Mix,Orange Tabby/White,1,1
Star,0,0,Domestic Shorthair Mix,Black,0,0
Wesley,0,2,Chihuahua Shorthair Mix,White/Tricolor,1,0
Boo,0,3,Domestic Shorthair Mix,White/Cream Tabby,1,0
Cookie,0,3,German Shepherd/Collie Rough,Brown/Black,1,0
Mia,0,0,Domestic Shorthair Mix,Calico,1,1
Gecko,0,1,Domestic Shorthair Mix,Brown Tabby,1,1
Gabe,0,2,Labrador Retriever Mix,Brown,1,0
Tex,0,3,Chihuahua Shorthair Mix,Black/White,1,0
,0,3,Domestic Medium Hair Mix,Black/White,1,0
Jeff,0,2,Labrador Retriever/Black Mouth Cur,Tan/White,1,0
,0,0,Snowshoe Mix,Lynx Point,1,1
,0,1,Chinese Sharpei/Airedale Terrier,Red,1,1
,0,1,Domestic Shorthair Mix,Black/White,0,0
,0,0,Dachshund/Chihuahua Shorthair,Black,1,1
Bob,0,2,Domestic Shorthair Mix,Brown Tabby/White,1,1
,0,0,Domestic Shorthair Mix,Black/White,1,0
Whitey,0,2,Domestic Shorthair Mix,White/Black,1,0
Pancho Wolf,0,2,Cardigan Welsh Corgi Mix,Tricolor,1,0
,0,2,Chihuahua Shorthair Mix,Tan,1,1
Gwen,0,0,Domestic Shorthair Mix,Brown Tabby,0,0
June,0,0,Chihuahua Shorthair Mix,Black,1,1
Smudge,0,2,Domestic Shorthair Mix,White,1,1
Diego,0,2,Domestic Shorthair Mix,Blue/White,1,0
Logan,0,0,Snowshoe Mix,Seal Point,0,0
Windsor,0,3,Harrier,Brown/Tricolor,1,1
Libby,0,0,Domestic Longhair Mix,Tortie,0,0
Snowflake,0,2,Miniature Poodle/Dachshund,White/White,1,1
Tony,0,0,Domestic Medium Hair Mix,Brown Tabby/White,1,0
,0,2,Domestic Shorthair Mix,Tortie,0,0
,0,0,Australian Kelpie Mix,Black,0,0
Collaway,0,2,Domestic Shorthair Mix,Black,1,1
Khloe,0,1,Domestic Shorthair Mix,Brown Tabby,1,1
,0,0,Domestic Shorthair Mix,Orange Tabby,0,0
,0,0,German Shepherd Mix,Red,0,0
Eula,0,1,Labrador Retriever Mix,Black/White,1,0
Lorelai,0,0,Domestic Shorthair Mix,Tortie,1,1
,0,0,Domestic Shorthair Mix,Brown Tabby,0,0
Jane,0,2,Labrador Retriever Mix,White/Black,1,1
Rue,0,3,Harrier Mix,Tricolor,1,1
Howler,0,2,Anatol Shepherd,Brown/Black,1,0
Luke,0,1,American Staffordshire Terrier Mix,Fawn/White,0,0
Betsy,0,3,Basset Hound Mix,White/Brown,1,0
Annie,0,2,Miniature Schnauzer Mix,Buff,1,1
Hope,0,0,Domestic Shorthair Mix,Brown Tabby/White,1,1
Coco,0,1,Rottweiler Mix,Black/Brown,1,1
Lucille,0,1,Mexican Hairless Mix,Tan/Black,1,1
,0,0,Domestic Shorthair Mix,Brown Tabby/White,0,0
Dexter,0,0,Labrador Retriever Mix,Black/White,1,1
,0,0,Domestic Shorthair Mix,Gray Tabby,1,0
Riddle,0,0,Redbone Hound Mix,Brown/Black,1,1
Sid,0,0,Domestic Shorthair Mix,Black,1,1
,0,0,Domestic Shorthair Mix,Brown Tabby/White,0,0
Ajax,0,1,Domestic Shorthair Mix,Black/White,1,0
Chico,0,2,Chihuahua Shorthair Mix,Brown/White,1,1
Orson,0,3,Domestic Shorthair Mix,Black,1,0
Fiona,0,2,Afghan Hound Mix,Tan/White,1,0
Hank,0,2,Pointer Mix,Brown/White,1,0
Gabby,0,2,Pit Bull Mix,Blue/White,0,0
,0,0,Dachshund/Chihuahua Shorthair,Sable/White,1,1
Prince,0,2,Pit Bull Mix,Blue Tiger/White,0,0
Penelope,0,2,Labrador Retriever Mix,Black/Brown,1,0
Rigby,0,1,Border Collie/Greyhound,Blue/White,1,1
Tiki,0,3,Domestic Shorthair Mix,Black/White,1,1
,0,0,Miniature Poodle Mix,Black/White,0,0
Sylvie,0,1,Catahoula Mix,Yellow Brindle,1,1
Bowie,0,3,Swedish Vallhund Mix,Sable,1,1
Bella,0,2,Domestic Shorthair Mix,Brown Tabby,1,1
Petey,0,0,Domestic Shorthair Mix,Brown Tabby/White,1,1
Nikita,0,1,Australian Kelpie Mix,Black/Tan,1,0
Ash,0,1,Pit Bull Mix,Blue/White,0,1
,0,0,Border Collie Mix,Black/White,0,0
Fancy,0,2,Papillon/Border Collie,Black/White,1,0
,0,0,Domestic Shorthair Mix,Tortie/White,0,0
,0,1,Domestic Shorthair Mix,Black,0,0
,0,1,Domestic Shorthair Mix,Tortie,0,0
Betty,0,1,Miniature Schnauzer/Miniature Poodle,Gray,1,0
Scooter,0,1,Domestic Shorthair Mix,Blue/White,1,0
,0,0,Labrador Retriever/German Shepherd,Tan,1,1
Georgia,0,0,Domestic Shorthair Mix,Tortie,1,1
,0,3,Cocker Spaniel,White/Tan,0,0
Estrella,0,2,Boxer Mix,White/Brown Brindle,1,1
Johnny,0,1,Border Collie Mix,Tan/White,1,1
,0,0,Domestic Shorthair Mix,White,0,0
,0,0,Domestic Shorthair Mix,Brown Tabby,0,0
,0,1,Chihuahua Shorthair Mix,Tan/White,1,1
Negro,0,3,Chow Chow Mix,Black,1,0
Clark,0,0,Domestic Shorthair Mix,Cream Tabby,1,1
Annabella,0,2,Labrador Retriever Mix,White,0,0
Willie,0,3,Labrador Retriever Mix,Gold,1,0
,0,0,Domestic Shorthair Mix,White,0,0
Austen,0,0,Domestic Shorthair Mix,Black Tabby/White,1,1
,0,1,Pit Bull Mix,Brown Brindle/White,1,0
Emily,0,0,Domestic Shorthair Mix,Calico,1,1
,0,0,Domestic Shorthair Mix,Calico,0,0
,0,0,Australian Shepherd Mix,Chocolate/White,1,1
,0,0,Dachshund Mix,Tricolor,0,0
Saxon,0,1,German Shepherd Mix,Brown/White,1,0
Marvin,0,1,Domestic Shorthair Mix,Orange Tabby/White,1,0
Yogi,0,1,Blue Lacy Mix,Blue/White,1,0
Bentley,0,0,Dachshund Wirehair/Miniature Poodle,Black/Tan,1,1
,0,0,Chihuahua Shorthair Mix,Brown,0,0
,0,0,Siamese Mix,Lynx Point,1,1
,0,1,Domestic Shorthair Mix,Black,0,0
Arthur,0,2,Domestic Shorthair Mix,Orange Tabby,1,0
Zion,0,0,Domestic Shorthair Mix,Orange Tabby,1,1
Frodo,0,2,Miniature Schnauzer Mix,White,1,0
Jacob,0,1,English Pointer Mix,Brown/White,1,1
Ryder,0,1,Labrador Retriever/Australian Cattle Dog,Black/White,1,1
Chiquilla,0,2,Chihuahua Shorthair Mix,Brown/White,1,1
Grape,0,1,Domestic Shorthair Mix,Blue/White,1,1
Sheos,0,1,German Shepherd/Chow Chow,Brown/Tan,1,0
,0,2,Miniature Schnauzer Mix,Black/Gray,1,1
Harvey,0,1,Pit Bull/Weimaraner,Brown/White,0,0
Daisy,0,2,Yorkshire Terrier Mix,Black/Tan,0,0
Alyssa,0,1,Pit Bull Mix,Brown Brindle,1,0
Annabelle,0,2,Australian Kelpie Mix,Black/Tan,1,1
Rory,0,1,Queensland Heeler Mix,Blue Tick,0,0
Cher,0,0,Yorkshire Terrier/Chihuahua Shorthair,Black/Brown,0,0
Gemma,0,2,Pit Bull Mix,Brown/White,1,1
Stache,0,0,Australian Kelpie Mix,Sable,1,1
Mya,0,3,Domestic Shorthair Mix,Calico,1,0
Third,0,2,Pit Bull Mix,White/Gray,1,0
Max,0,1,Labrador Retriever Mix,Brown/Black,1,1
Mitzi,0,1,Domestic Shorthair Mix,White,1,1
Chuchu,0,1,West Highland/Chihuahua Shorthair,White,1,0
Patience,0,1,Labrador Retriever Mix,Black,1,1
Scout,0,2,Domestic Shorthair Mix,White/Blue,1,0
,0,0,Chihuahua Shorthair Mix,Black,1,1
,0,1,Domestic Shorthair Mix,Black/White,0,0
Candy,0,0,Domestic Shorthair Mix,Black,1,0
Corban,0,1,Domestic Longhair Mix,Cream Tabby/White,1,1
Pippa,0,1,Siamese Mix,Lynx Point,1,1
Mimi,0,1,Pit Bull Mix,White/Black,1,0
Brownie,0,2,Dachshund Mix,Brown,1,0
Grissy,0,1,Domestic Medium Hair Mix,Blue Tabby,1,1
Glen,0,0,Domestic Longhair Mix,Orange Tabby,0,0
,0,0,Domestic Shorthair Mix,Brown Tabby,0,0
Archer,0,1,Domestic Shorthair Mix,Black/White,1,1
River,0,0,Domestic Shorthair Mix,Black/White,0,1
Sugarberry,0,1,Pointer Mix,Black/White,1,1
Lily Pad,0,3,Domestic Shorthair Mix,Orange Tabby/White,1,0
Natasha,0,3,Chow Chow Mix,Brown/Tan,1,0
,0,0,Siamese Mix,White/Black,0,0
Bolo,0,1,Border Collie/German Shepherd,Black,1,0
Clementine,0,0,Domestic Shorthair Mix,Orange Tabby,0,0
Roxy,0,2,Dogo Argentino Mix,White,1,1
,0,3,Chihuahua Shorthair Mix,Brown,0,0
Sadie,0,3,Pit Bull Mix,Tan,1,0
Bonnie,0,1,Great Pyrenees Mix,White/Black,1,1
Otis,0,2,Boxer/Australian Cattle Dog,Red/White,1,0
Kilo,0,1,German Shepherd Mix,Tan/Black,1,0
Emma,0,0,Domestic Shorthair Mix,Torbie/White,1,1
,0,0,Domestic Shorthair Mix,Black,0,0
Bessy,0,2,Domestic Shorthair Mix,Blue/White,0,0
Ziggy,0,0,Domestic Shorthair Mix,Blue Tabby,1,1
Toad,0,2,Domestic Shorthair Mix,Black,1,1
Carnegie,0,0,Domestic Shorthair Mix,Orange Tabby,1,1
Kevin,0,0,Domestic Shorthair Mix,Black Smoke/White,1,1
Daisy,0,2,Basset Hound Mix,Tricolor,1,1
Tiger,0,1,Domestic Shorthair Mix,Brown Tabby/White,1,1
Princess,0,0,Domestic Longhair Mix,White/Black,1,1
Chica Loca,0,0,Domestic Medium Hair Mix,Brown Tabby/White,1,1
Disa,0,2,Shiba Inu Mix,Tan/White,1,0
Lucky,0,2,Pit Bull Mix,Fawn/White,1,0
Lulu,0,0,Domestic Shorthair Mix,Black,0,0
Frank,0,1,Plott Hound Mix,Yellow Brindle,1,0
Mickey,0,2,Chihuahua Shorthair Mix,Black/Tan,1,0
,0,0,Domestic Shorthair Mix,Blue,1,1
Champ,0,2,Beauceron Mix,Black/Tan,1,0
Odin,0,3,Chinese Sharpei Mix,Tan/Black,1,0
Zip,0,1,Chihuahua Shorthair Mix,Black/Tan,0,0
Minnie,0,2,Domestic Shorthair Mix,Blue Tabby/Orange,1,0
Klaus,0,0,Domestic Shorthair Mix,White/Brown Tabby,1,1
Elliot,0,1,Pekingese Mix,Brown/Black,1,0
Lora,0,0,Anatol Shepherd Mix,White/Brown,1,1
Woodrow,0,3,Siamese Mix,Blue Point,1,0
Fred,0,3,Catahoula/Pit Bull,White/Tan,1,0
,0,1,Domestic Shorthair Mix,Calico,0,0
Lil Sister,0,1,Domestic Shorthair Mix,Brown Tabby/White,1,1
Leo,0,1,Maine Coon Mix,Brown Tabby,1,1
Pepper,0,2,Rat Terrier Mix,Black/Brown,1,0
Meyer,0,0,Domestic Medium Hair Mix,Blue,0,0
Spartus,0,0,Pit Bull Mix,Fawn,0,0
,0,0,Domestic Shorthair Mix,Calico,0,0
Miori,0,1,Domestic Shorthair Mix,Brown Tabby/White,1,0
Gandolf,0,3,Shih Tzu Mix,White/Gray,1,0
Sadie,0,3,Labrador Retriever Mix,Buff/Tan,1,0
Tequila,0,3,Schipperke Mix,Black,1,0
Samson,0,3,Domestic Longhair Mix,Black,1,0
Robin,0,0,Domestic Shorthair Mix,Torbie,1,1
Macy,0,3,Domestic Longhair Mix,Brown Tabby,1,1
Roxy,0,1,Pointer/Boxer,White/Brown,1,0
,0,2,Domestic Shorthair Mix,Blue Tabby/White,0,0
Jasper,0,1,Labrador Retriever/Standard Poodle,Black,1,1
,0,0,Domestic Shorthair Mix,Orange Tabby/White,0,0
Buster,0,1,Rottweiler Mix,Black/Tan,1,0
,0,0,Domestic Shorthair Mix,Blue Tabby,0,0
Comet,0,1,Australian Cattle Dog Mix,Red Merle,1,1
Buster,0,3,Boxer Mix,Brown Brindle/White,1,0
Squirrel,0,1,Chihuahua Shorthair Mix,Tricolor/Blue,1,1
Bingo,0,2,Chihuahua Shorthair Mix,White/Brown,1,0
Wild Bill,0,2,German Shepherd/Bull Terrier,Brown,1,1
Arby,0,2,Miniature Pinscher/Pomeranian,Red,0,0
Coco,0,1,Domestic Shorthair Mix,Orange Tabby/White,1,0
Katie,0,2,Labrador Retriever Mix,Black/White,1,0
Coco,0,1,Beagle Mix,Red/White,1,1
Nelly,0,0,Domestic Shorthair Mix,Orange Tabby,0,0
,0,2,Domestic Shorthair Mix,White/Black,1,1
,0,0,Chihuahua Shorthair/Pit Bull,White,0,0
Ivana,0,1,Pit Bull Mix,Black/White,1,1
Grant,0,3,Harrier Mix,Tricolor,1,0
,0,0,Australian Cattle Dog Mix,Tricolor,0,0
Callie,0,2,Rat Terrier Mix,White/Brown,1,1
,0,1,Doberman Pinsch,Black/Brown,1,0
Scooby,0,1,Chihuahua Shorthair Mix,Tan,1,1
Rhianna,0,2,Labrador Retriever Mix,Yellow/White,0,0
Snickers,0,1,Miniature Poodle Mix,White/Brown,1,1
,0,1,Burmese,Chocolate,1,1
Samus,0,0,Redbone Hound/Anatol Shepherd,Brown/White,1,1
Pichus,0,1,Domestic Shorthair Mix,Brown Tabby,1,1
Heaven,0,2,Chihuahua Shorthair Mix,Chocolate/White,0,0
Andy,0,1,Pit Bull Mix,Black,0,0
Sunny Bunny,0,2,Pit Bull Mix,Tan/White,1,0
,0,1,Domestic Shorthair Mix,Orange Tabby/White,0,0
,0,2,Domestic Shorthair Mix,Calico,0,0
Basil,0,1,Domestic Shorthair Mix,Calico,1,0
Olive,0,0,Domestic Shorthair Mix,White/Blue,1,1
Wiz,0,2,Maine Coon Mix,Brown Tabby,1,1
Loki,0,2,Domestic Shorthair Mix,Blue Tabby,1,0
Tori,0,1,Domestic Shorthair Mix,Torbie,1,1
,0,0,Pit Bull Mix,White/Black,0,0
,0,0,Domestic Medium Hair Mix,Blue,0,0
Jasper,0,0,German Shepherd/Labrador Retriever,Black/White,1,1
Hardware,0,2,Domestic Shorthair Mix,Brown Tabby/White,1,0
Howie,0,0,Domestic Shorthair Mix,Brown Tabby,0,0
Monkey,0,1,Domestic Shorthair Mix,Black,1,1
Mariah,0,2,Labrador Retriever,Cream,0,0
Daisy,0,0,Domestic Shorthair Mix,Black Smoke,1,1
,0,0,Domestic Shorthair Mix,Black,0,0
Ducky,0,1,Domestic Shorthair Mix,Black,1,0
Chomps,0,2,Pit Bull Mix,Brown Brindle/White,1,0
Zorro,0,3,Labrador Retriever Mix,Black,1,0
Mia,0,1,Domestic Shorthair Mix,Tortie,1,1
Maggie,0,1,Australian Shepherd/Australian Cattle Dog,Blue Merle/White,1,1
Hank,0,2,Boxer/Chow Chow,Red/White,1,1
,0,0,Siamese Mix,Calico Point,0,0
Luigi,0,2,Dogo Argentino Mix,White,1,0
Isis,0,3,Chow Chow/Australian Kelpie,Tan,1,0
,0,0,Domestic Shorthair Mix,Brown Tabby,1,1
Lola,0,1,Pit Bull Mix,Brown/White,1,0
Blue,0,3,Pit Bull Mix,Blue/White,1,1
,0,0,Domestic Shorthair Mix,Black,0,0
Ranger,0,1,Labrador Retriever Mix,Brown,1,0
Brownie,0,3,Pit Bull Mix,Blue Cream/Blue Tiger,1,0
Cookie,0,2,Chihuahua Shorthair Mix,Tricolor,1,1
Pinky,0,1,Dachshund Mix,Black/Brown,0,0
Onyx,0,1,Labrador Retriever/Chinese Sharpei,Black/White,1,1
,0,1,Domestic Shorthair Mix,Blue,0,0
Tracy,0,0,Chihuahua Shorthair Mix,Brown/White,1,1
,0,0,Great Pyrenees/Border Collie,White/Tan,1,0
Spot,0,2,Catahoula Mix,Blue Merle/Gray,1,0
Brix,0,2,American Pit Bull Terrier Mix,White/Brown Brindle,1,1
Pancho,0,2,Pit Bull Mix,Brown/White,1,0
Peanut,0,2,Chihuahua Shorthair Mix,Brown,1,0
Baxter,0,2,Chihuahua Shorthair Mix,Black/Tan,1,1
Milly,0,1,Jack Russell Terrier Mix,White,1,0
Karma,0,2,Catahoula Mix,Brown/Black,1,0
Flash,0,2,Whippet/Chihuahua Shorthair,White/Brown,1,1
,0,0,Domestic Shorthair Mix,Blue Tabby,0,0
Scrappy,0,1,Tibetan Terrier Mix,White/Tan,1,0
Roxy,0,2,American Pit Bull Terrier Mix,Black,1,0
,0,1,Chihuahua Shorthair Mix,Buff/White,1,1
,0,0,Domestic Shorthair Mix,Tortie,0,0
,0,1,Domestic Shorthair Mix,Calico,0,0
Fluff,0,1,Domestic Medium Hair,Blue Tabby,1,1
Cupulin,0,2,Labrador Retriever Mix,Black,1,0
,0,0,Labrador Retriever Mix,Black,0,0
Miss Crush,0,2,Pit Bull Mix,Brown/White,1,0
,0,2,Domestic Shorthair Mix,Black/White,0,0
,0,2,Domestic Medium Hair Mix,Black/White,0,0
Jaco,0,3,Border Collie,Chocolate/White,1,0
,0,1,Labrador Retriever Mix,Chocolate/White,0,0
Peewee,0,2,Jack Russell Terrier/Australian Cattle Dog,White/Black,1,1
,0,0,Domestic Shorthair Mix,Black,0,0
Viola,0,3,Dachshund Mix,Red,1,0
,0,1,Domestic Shorthair Mix,Blue,1,1
Squeaky,0,2,Jack Russell Terrier/Australian Cattle Dog,White/Black,1,0
June Bug,0,2,Catahoula/Australian Shepherd,Tan/White,1,1
,0,0,Labrador Retriever Mix,Black/White,0,0
,0,0,Domestic Shorthair Mix,Orange Tabby/White,1,1
Troy,0,2,Collie Rough Mix,Tricolor,1,0
Hunca Munca,0,2,Staffordshire Mix,Blue,1,1
Wombat,0,0,Domestic Shorthair Mix,Black/White,0,0
Coco,0,2,Silky Terrier Mix,Brown/Silver,1,0
Snkaefarm,0,2,Bruss Griffon Mix,Brown Brindle/White,1,1
,0,0,Domestic Shorthair Mix,Black,1,1
Camino,0,2,Jack Russell Terrier Mix,Tricolor,1,0
Buster,0,3,Chihuahua Shorthair Mix,Buff,1,0
Ghost,0,2,Siberian Husky Mix,Black/White,1,0
Lobo,0,3,Siberian Husky Mix,Red/White,0,0
Bruce Willis,0,1,Pit Bull Mix,Brown Brindle,1,1
Pinto,0,3,Chihuahua Shorthair Mix,Buff,0,0
,0,0,Labrador Retriever Mix,Tricolor,0,0
Amy,0,2,Domestic Shorthair Mix,Brown Tabby,1,0
,0,0,Manx Mix,Orange Tabby/White,0,0
Linus,0,0,Domestic Shorthair Mix,Brown Tabby/White,1,1
X,0,1,Domestic Shorthair Mix,Orange Tabby/White,0,0
Buddy,0,2,Beagle Mix,Tricolor,1,0
,0,2,Domestic Shorthair Mix,Black,1,0
Rusty,0,3,Vizsla,Red,1,1
Tonka,0,2,Staffordshire Mix,White,1,0
Shelby,0,2,German Shepherd,Black/Brown,0,0
Mac,0,0,Boxer Mix,Brown/White,1,1
Libby 2,0,1,Shih Tzu Mix,White/Tan,0,0
,0,1,Chihuahua Shorthair Mix,Black/White,0,0
,0,2,Domestic Shorthair,Blue Tabby,0,0
Bailey,0,2,Australian Shepherd Mix,White/Brown,1,1
Gizmo,0,0,Domestic Shorthair Mix,Black/White,1,1
Reeses,0,0,Miniature Pinscher/Chihuahua Shorthair,Chocolate/Tan,1,1
Alistair,0,1,Domestic Longhair Mix,Black,0,0
Leroy,0,2,Pit Bull Mix,Blue/White,1,0
Walter White,0,1,Miniature Poodle Mix,White,1,1
Best Friend,0,2,Chihuahua Shorthair Mix,Brown/White,0,0
Brooke,0,1,Rat Terrier Mix,White/Brown,1,1
Cornelius,0,1,Chihuahua Shorthair Mix,Sable,1,1
Clover,0,1,Chihuahua Shorthair Mix,White/Tan,1,1
Sage,0,2,Pit Bull Mix,Tan/White,1,0
Kailah,0,2,Pit Bull Mix,White/Black,1,1
Violet,0,2,Shih Tzu,White/Gray,1,1
Roxie,0,2,Chihuahua Shorthair Mix,Brown/White,1,0
Willie,0,1,Pit Bull Mix,White/Tan,1,0
Rudy,0,0,Chihuahua Shorthair Mix,Brown,1,1
,0,2,Domestic Shorthair Mix,Black/White,0,0
,0,0,Domestic Shorthair Mix,Brown Tabby,0,0
Jude,0,0,Beagle/Pug,White/Brown,1,1
Toto,0,2,Chihuahua Longhair Mix,Tan,1,0
Scruffy,0,1,Border Terrier/Yorkshire Terrier,Black/Brown,1,1
Fuzzbox,0,1,Domestic Shorthair Mix,Blue Tabby/White,1,0
Maddy,0,2,Pug/Beagle,Fawn,1,1
Tigz,0,2,Boerboel Mix,Tan/Black,1,1
,0,0,Domestic Shorthair Mix,Brown Tabby,0,0
O'Reily,0,3,Golden Retriever Mix,Tan,1,0
,0,0,Shih Tzu,Brown/White,1,1
Pancha,0,1,Doberman Pinsch/Vizsla,Tricolor,1,0
Wanda,0,0,Domestic Shorthair Mix,Black,0,0
Dutchess,0,2,Domestic Shorthair Mix,Brown Tabby,1,1
Felix,0,3,Domestic Shorthair Mix,Black,1,0
,0,0,Domestic Shorthair Mix,Torbie,0,0
Tom,0,0,Domestic Shorthair Mix,Black,0,0
Jerry,0,1,Domestic Shorthair Mix,Black/White,1,1
,0,1,Jack Russell Terrier Mix,White/Brown,0,0
Jasper,0,3,Australian Shepherd Mix,Black/Brown,1,0
Jingle,0,1,Bengal Mix,Brown Tabby,1,1
Darling,0,3,Jack Russell Terrier Mix,White/Brown,1,1
Violet,0,0,Domestic Shorthair Mix,Brown Tabby,1,1
Sandy,0,0,Labrador Retriever/Blue Lacy,Tricolor,1,1
,0,0,Domestic Shorthair Mix,Blue,0,0
,0,0,Domestic Shorthair Mix,Blue/White,0,0
Joni,0,1,Domestic Shorthair Mix,Black,1,1
Romulus,0,0,Siamese Mix,Lilac Point,1,1
Georgia,0,1,Rat Terrier Mix,Tricolor,1,1
Palomo,0,1,Pit Bull Mix,White/Black,1,0
Coketa,0,2,Bichon Frise Mix,White,1,0
,0,0,Labrador Retriever,Black,0,0
Fiona,0,2,Border Collie Mix,Black/White,1,1
Twila,0,1,Domestic Shorthair Mix,Brown Tabby,1,0
,0,1,Cairn Terrier Mix,Tan,0,0
Mako,0,1,German Shepherd/Akita,Tricolor,1,1
Rocky,0,1,Miniature Pinscher Mix,Black/Tan,1,0
Chikis,0,2,Miniature Poodle Mix,White,1,0
Centurion,0,2,Pit Bull/Blue Lacy,Black,1,0
Lady,0,2,Labrador Retriever Mix,Black/White,1,0
Hershey,0,1,Pointer Mix,Brown/White,1,1
Cinnamon,0,0,Domestic Shorthair Mix,Brown Tabby,0,0
Smaug,0,0,Domestic Shorthair Mix,Orange Tabby/White,1,1
Jones,0,0,Domestic Medium Hair Mix,Cream Tabby/White,1,0
Kozi,0,2,Pit Bull Mix,White/Blue,1,0
Thunderkit,0,3,Domestic Longhair Mix,Gray/White,1,1
Cricket,0,1,Domestic Shorthair Mix,Brown Tabby,1,1
Prince,0,2,Yorkshire Terrier/Miniature Poodle,Black,1,0
,0,1,Domestic Shorthair Mix,Calico,0,0
Taz,0,1,Pit Bull Mix,Brown Brindle/White,0,0
Smokey,0,0,Domestic Medium Hair Mix,Blue Tabby/White,1,1
Lindsey,0,2,Chihuahua Shorthair Mix,Black/White,1,0
Oxford,0,2,Pointer/Collie Smooth,Tricolor,1,1
Miki,0,2,Domestic Medium Hair Mix,Tortie,1,1
Dane,0,1,Pit Bull Mix,White/Brown,1,1
Tim,0,1,Domestic Shorthair Mix,Black/White,1,1
,0,0,Domestic Shorthair Mix,Black/White,1,1
Elliot,0,1,Miniature Poodle/Miniature Schnauzer,White,1,1
Alex,0,0,Domestic Shorthair Mix,Orange Tabby,0,0
Bentley,0,2,Yorkshire Terrier,White/Gray,1,0
Kobe,0,2,Chihuahua Shorthair Mix,Black/Tan,1,0
Elia,0,1,Domestic Medium Hair Mix,Black/White,1,1
,0,3,Catahoula Mix,Blue Merle,0,0
Misty,0,3,Border Collie Mix,Black/White,0,0
,0,2,Chihuahua Shorthair Mix,Tan/White,1,1
Big Red,0,2,American Staffordshire Terrier/Labrador Retriever,Tan/White,1,1
Pavel,0,1,Domestic Shorthair Mix,Black,1,1
,0,0,Domestic Shorthair Mix,Tortie,0,0
Hannah,0,2,Manchester Terrier Mix,Black/Tan,1,0
,0,0,Chihuahua Longhair Mix,Black/Brown,0,0
Dixie,0,1,Chihuahua Shorthair Mix,Buff,1,1
Bo,0,2,Pit Bull Mix,Blue,1,0
,0,0,Domestic Shorthair Mix,Cream Tabby,1,1
Benji,0,1,Rat Terrier/Cardigan Welsh Corgi,Black/Gray,1,1
Johnny,0,0,Chihuahua Shorthair Mix,Brown/Black,1,1
,0,2,Jack Russell Terrier/Dachshund,Black/Brown,1,0
Bambi,0,2,Chihuahua Shorthair Mix,Tan,0,0
,0,1,Miniature Pinscher Mix,Brown,0,0
Lucky,0,2,Labrador Retriever Mix,Black/White,1,1
Lucky,0,2,Dachshund Mix,Tan/White,1,1
,0,0,Domestic Shorthair Mix,Orange Tabby,0,0
Sonny,0,3,Domestic Medium Hair Mix,Black,1,1
Butter,0,0,Domestic Shorthair Mix,Cream Tabby,1,1
Bonita,0,0,Chihuahua Shorthair,Tan/White,1,1
Treasure,0,1,Domestic Shorthair Mix,Torbie,1,1
Gigi,0,2,Border Collie/Chow Chow,Black,1,1
Edward,0,0,Domestic Shorthair Mix,Brown Tabby/White,1,1
,0,1,Domestic Shorthair Mix,Brown Tabby/White,0,0
,0,0,Domestic Shorthair Mix,Brown Tabby/White,0,0
Brimmer,0,2,English Setter Mix,White/Brown,0,0
,0,1,Miniature Poodle Mix,White,1,0
Sam,0,0,Domestic Shorthair Mix,Black,1,1
Laramie,0,0,Domestic Shorthair Mix,Black/White,1,1
Blondie,0,0,Domestic Shorthair Mix,Orange Tabby/White,1,1
,0,1,Domestic Shorthair Mix,Brown Tabby,0,0
,0,0,Chihuahua Shorthair Mix,Black,0,0
Lyle,0,1,Dachshund Mix,Tan,1,0
Penny,0,1,Pomeranian Mix,Cream,1,0
Valentine,0,2,Pit Bull Mix,Brown/White,1,1
Buck,0,1,Chihuahua Shorthair Mix,Black/White,1,1
Chuck,0,2,Domestic Longhair Mix,Cream Tabby,1,0
Rhino,0,1,Boxer/Pit Bull,White/Tan,1,0
Annie,0,2,Domestic Shorthair Mix,Brown Tabby/White,1,1
Sally,0,2,Labrador Retriever Mix,White,1,0
Stomper,0,2,Basset Hound Mix,White/Tricolor,1,0
Silvercloud,0,2,Pit Bull Mix,Blue/White,1,0
Riley,0,0,Greater Swiss Mountain Dog Mix,Tricolor/White,0,1
Todd,0,1,Domestic Shorthair Mix,Black,1,0
Rufus,0,2,Labrador Retriever Mix,Chocolate/White,1,1
,0,0,Domestic Shorthair Mix,Orange Tabby,0,0
Chief,0,1,German Shepherd,Sable/Black,1,0
Dolly,0,1,Domestic Shorthair Mix,Calico,1,1
Nana,0,3,Chihuahua Shorthair Mix,Brown,1,1
Sofie,0,2,Border Collie Mix,White/Black,1,1
Tabitha,0,2,Domestic Shorthair Mix,Brown Tabby,1,1
Lil Bear,0,1,Chihuahua Shorthair Mix,Brown/Tan,1,0
,0,1,German Shepherd Mix,Chocolate/Tan,1,1
X,0,2,Domestic Shorthair Mix,Torbie/White,0,0
,0,0,Chihuahua Shorthair Mix,Brown/Black,0,0
,0,2,Domestic Shorthair Mix,Tricolor,0,0
Charlotte,0,1,Domestic Longhair Mix,Brown Tabby,1,1
,0,1,Domestic Shorthair Mix,Torbie/White,1,1
Chico,0,1,Chihuahua Shorthair Mix,Chocolate/White,1,0
Coco,0,3,Labrador Retriever/Doberman Pinsch,Chocolate/Tan,1,0
,0,0,Domestic Shorthair Mix,Brown Tabby,0,0
Charles,0,3,Pit Bull Mix,Brown Brindle/White,1,0
Pequena,0,2,Domestic Shorthair Mix,Torbie,1,0
Dax,0,3,Dachshund/Bull Terrier,Brown,1,0
Kitty Kitty,0,2,Domestic Shorthair Mix,Orange Tabby,1,0
,0,1,Domestic Shorthair Mix,Brown Tabby,1,0
Ellie,0,2,Australian Kelpie Mix,Black Brindle,1,1
Toffee,0,2,German Shepherd Mix,Sable,1,1
,0,3,Dachshund Mix,Brown,0,0
Sugar,0,1,Siamese Mix,Tortie Point/Lynx Point,1,0
Rocky,0,2,Domestic Shorthair,Orange Tabby/White,1,0
,0,1,American Shorthair Mix,Black/White,0,0
,0,0,Domestic Shorthair Mix,Calico,0,0
Bambi,0,1,Pit Bull Mix,Fawn,1,1
